var	gene	vartype	impact	literature
Coding SNP at 3359989 > T functional=NULL_NULL_NULL locus_tag=KPNIH1_RS30220 Strand Information: KPNIH1_RS30220=-;T|stop_gained|HIGH|KPNIH1_RS30220|c.141G>A|p.Trp47*|141/144|47/47|mgrB|PhoP/PhoQ regulator MgrB;_68746	mgrb	snp	High	known
Coding SNP at 3360003 > A functional=NULL_NULL_NULL locus_tag=KPNIH1_RS30220 Strand Information: KPNIH1_RS30220=-;A|stop_gained|HIGH|KPNIH1_RS30220|c.127A>T|p.Lys43*|127/144|43/47|mgrB|PhoP/PhoQ regulator MgrB;_68748	mgrb	snp	High	known
Coding SNP at 3360042 > A functional=NULL_NULL_NULL locus_tag=KPNIH1_RS30220 Strand Information: KPNIH1_RS30220=-;A|stop_gained|HIGH|KPNIH1_RS30220|c.88C>T|p.Gln30*|88/144|30/47|mgrB|PhoP/PhoQ regulator MgrB;_68751	mgrb	snp	High	known
Coding SNP at 3360066 > A functional=NULL_NULL_NULL locus_tag=KPNIH1_RS30220 Strand Information: KPNIH1_RS30220=-;A|stop_gained|HIGH|KPNIH1_RS30220|c.64C>T|p.Gln22*|64/144|22/47|mgrB|PhoP/PhoQ regulator MgrB;_68754	mgrb	snp	High	known
Coding SNP at 3360123 > A functional=NULL_NULL_NULL locus_tag=KPNIH1_RS30220 Strand Information: KPNIH1_RS30220=-;A|stop_gained|HIGH|KPNIH1_RS30220|c.7A>T|p.Lys3*|7/144|3/47|mgrB|PhoP/PhoQ regulator MgrB;_68758	mgrb	snp	High	known
Coding Indel at 3360097 > GA functional=NULL_NULL_NULL locus_tag=KPNIH1_RS30220 Strand Information: KPNIH1_RS30220=-;GA|frameshift_variant|HIGH|KPNIH1_RS30220|c.32dupT|p.Ile12fs|32/144|11/47|mgrB|PhoP/PhoQ regulator MgrB;_1973	mgrb	indel	High	known
Coding Indel at 3360098 > A functional=NULL_NULL_NULL locus_tag=KPNIH1_RS30220 Strand Information: KPNIH1_RS30220=-;A|frameshift_variant|HIGH|KPNIH1_RS30220|c.24_31delACTGATAG|p.Leu8fs|31/144|8/47|mgrB|PhoP/PhoQ regulator MgrB;_1974	mgrb	indel	High	known
3360144_3360148|KPNIH1_RS30220-KPNIH1_RS17035|-.+	mgrb	insertion	High	known
3360057_3360060|KPNIH1_RS30220|-	mgrb	insertion	High	known
3359997_3360004|KPNIH1_RS30220|-	mgrb	insertion	High	known
3360056_3360060|KPNIH1_RS30220|-	mgrb	insertion	High	known
3360032_3360036|KPNIH1_RS30220|-	mgrb	insertion	High	known
Coding SNP at 1693296 > C functional=NULL_NULL_NULL locus_tag=KPNIH1_RS08505 Strand Information: KPNIH1_RS08505=-;C|missense_variant|MODERATE|KPNIH1_RS08505|c.245T>G|p.Leu82Arg|245/1098|82/365|pmrB|two-component system sensor histidine kinase PmrB;_32525	pmrb	snp	Moderate	known
Coding SNP at 3058674 > T functional=NULL_NULL_NULL locus_tag=KPNIH1_RS15525 Strand Information: KPNIH1_RS15525=+;T|missense_variant|MODERATE|KPNIH1_RS15525|c.29A>T|p.Gln10Leu|29/1062|10/353|ccrB|HAMP domain-containing histidine kinase CrrB;_62072	crrb	snp	Moderate	known
Coding SNP at 3058925 > A functional=NULL_NULL_NULL locus_tag=KPNIH1_RS15525 Strand Information: KPNIH1_RS15525=+;A|missense_variant|MODERATE|KPNIH1_RS15525|c.280C>A|p.Leu94Met|280/1062|94/353|ccrB|HAMP domain-containing histidine kinase CrrB;_62078	crrb	snp	Moderate	known
Coding SNP at 3059096 > A,T functional=NULL_NULL_NULL locus_tag=KPNIH1_RS15525 Strand Information: KPNIH1_RS15525=+;T|missense_variant|MODERATE|KPNIH1_RS15525|c.451C>T|p.Pro151Ser|451/1062|151/353|ccrB|ccrB;A|missense_variant|MODERATE|KPNIH1_RS15525|c.451C>A|p.Pro151Thr|451/1062|151/353|ccrB|ccrB;_62079	crrb	snp	Moderate	known
Coding SNP at 3059096 > A,T functional=NULL_NULL_NULL locus_tag=KPNIH1_RS15525 Strand Information: KPNIH1_RS15525=+;T|missense_variant|MODERATE|KPNIH1_RS15525|c.451C>T|p.Pro151Ser|451/1062|151/353|ccrB|ccrB;A|missense_variant|MODERATE|KPNIH1_RS15525|c.451C>A|p.Pro151Thr|451/1062|151/353|ccrB|ccrB;_62080	crrb	snp	Moderate	known
Coding SNP at 3059193 > T functional=NULL_NULL_NULL locus_tag=KPNIH1_RS15525 Strand Information: KPNIH1_RS15525=+;T|missense_variant|MODERATE|KPNIH1_RS15525|c.548G>T|p.Gly183Val|548/1062|183/353|ccrB|HAMP domain-containing histidine kinase CrrB;_62085	crrb	snp	Moderate	known
Coding SNP at 3360039 > T functional=NULL_NULL_NULL locus_tag=KPNIH1_RS30220 Strand Information: KPNIH1_RS30220=-;T|missense_variant|MODERATE|KPNIH1_RS30220|c.91G>A|p.Asp31Asn|91/144|31/47|mgrB|PhoP/PhoQ regulator MgrB;_68750	mgrb	snp	Moderate	known_site
Coding SNP at 2080519 > T functional=NULL_NULL_NULL locus_tag=KPNIH1_RS10370 Strand Information: KPNIH1_RS10370=-;T|missense_variant|MODERATE|KPNIH1_RS10370|c.731C>A|p.Thr244Asn|731/1467|244/488|phoQ|two-component system sensor histidine kinase PhoQ;_38555	phoq	snp	Moderate	known_site
Coding SNP at 1693068 > T functional=NULL_NULL_NULL locus_tag=KPNIH1_RS08505 Strand Information: KPNIH1_RS08505=-;T|missense_variant|MODERATE|KPNIH1_RS08505|c.473C>A|p.Pro158Gln|473/1098|158/365|pmrB|two-component system sensor histidine kinase PmrB;_32517	pmrb	snp	Moderate	known_site
Coding SNP at 1694059 > T functional=NULL_NULL_NULL locus_tag=KPNIH1_RS08510 Strand Information: KPNIH1_RS08510=-;T|missense_variant|MODERATE|KPNIH1_RS08510|c.157G>A|p.Gly53Ser|157/672|53/223|pmrA|two-component system response regulator PmrA;_32532	pmra	snp	Moderate	known_site
Coding SNP at 3360008 > T functional=NULL_NULL_NULL locus_tag=KPNIH1_RS30220 Strand Information: KPNIH1_RS30220=-;T|missense_variant|MODERATE|KPNIH1_RS30220|c.122T>A|p.Ile41Asn|122/144|41/47|mgrB|PhoP/PhoQ regulator MgrB;_68749	mgrb	snp	Moderate	putative_r
Coding SNP at 3360056 > G functional=NULL_NULL_NULL locus_tag=KPNIH1_RS30220 Strand Information: KPNIH1_RS30220=-;G|missense_variant|MODERATE|KPNIH1_RS30220|c.74A>C|p.Asn25Thr|74/144|25/47|mgrB|PhoP/PhoQ regulator MgrB;_68752	mgrb	snp	Moderate	putative_r
Non-Coding SNP at 3360138 > A functional=NULL_NULL_NULL locus_tag=KPNIH1_RS30220-KPNIH1_RS17035 Strand Information: KPNIH1_RS30220=-/KPNIH1_RS17035=+/;A|intergenic_region|MODIFIER|KPNIH1_RS30220-KPNIH1_RS17035|n.3360138C>A||||mgrB,null or hypothetical protein|PhoP/PhoQ regulator MgrB,hypothetical protein,;_68759	mgrb	snp	Modifier	putative_r
Non-Coding SNP at 3360139 > A functional=NULL_NULL_NULL locus_tag=KPNIH1_RS30220-KPNIH1_RS17035 Strand Information: KPNIH1_RS30220=-/KPNIH1_RS17035=+/;A|intergenic_region|MODIFIER|KPNIH1_RS30220-KPNIH1_RS17035|n.3360139C>A||||mgrB,null or hypothetical protein|PhoP/PhoQ regulator MgrB,hypothetical protein,;_68760	mgrb	snp	Modifier	putative_r
Non-Coding SNP at 3360169 > T functional=NULL_NULL_NULL locus_tag=KPNIH1_RS30220-KPNIH1_RS17035 Strand Information: KPNIH1_RS30220=-/KPNIH1_RS17035=+/;T|intergenic_region|MODIFIER|KPNIH1_RS30220-KPNIH1_RS17035|n.3360169A>T||||mgrB,null or hypothetical protein|PhoP/PhoQ regulator MgrB,hypothetical protein,;_68761	mgrb	snp	Modifier	putative_r
Non-Coding SNP at 3360177 > T functional=NULL_NULL_NULL locus_tag=KPNIH1_RS30220-KPNIH1_RS17035 Strand Information: KPNIH1_RS30220=-/KPNIH1_RS17035=+/;T|intergenic_region|MODIFIER|KPNIH1_RS30220-KPNIH1_RS17035|n.3360177C>T||||mgrB,null or hypothetical protein|PhoP/PhoQ regulator MgrB,hypothetical protein,;_68762	mgrb	snp	Modifier	putative_r
Coding SNP at 2081763 > A functional=NULL_NULL_NULL locus_tag=KPNIH1_RS10375 Strand Information: KPNIH1_RS10375=-;A|missense_variant|MODERATE|KPNIH1_RS10375|c.158G>T|p.Gly53Val|158/672|53/223|phoP|two-component system response regulator PhoP;_38580	phop	snp	Moderate	putative_r
Coding SNP at 2080327 > T functional=NULL_NULL_NULL locus_tag=KPNIH1_RS10370 Strand Information: KPNIH1_RS10370=-;T|missense_variant|MODERATE|KPNIH1_RS10370|c.923T>A|p.Leu308Gln|923/1467|308/488|phoQ|two-component system sensor histidine kinase PhoQ;_38551	phoq	snp	Moderate	putative_r
Coding SNP at 2080480 > T functional=NULL_NULL_NULL locus_tag=KPNIH1_RS10370 Strand Information: KPNIH1_RS10370=-;T|missense_variant|MODERATE|KPNIH1_RS10370|c.770T>A|p.Leu257Gln|770/1467|257/488|phoQ|two-component system sensor histidine kinase PhoQ;_38553	phoq	snp	Moderate	putative_r
Coding SNP at 2080508 > G functional=NULL_NULL_NULL locus_tag=KPNIH1_RS10370 Strand Information: KPNIH1_RS10370=-;G|missense_variant|MODERATE|KPNIH1_RS10370|c.742A>C|p.Thr248Pro|742/1467|248/488|phoQ|two-component system sensor histidine kinase PhoQ;_38554	phoq	snp	Moderate	putative_r
Coding SNP at 2080936 > T functional=NULL_NULL_NULL locus_tag=KPNIH1_RS10370 Strand Information: KPNIH1_RS10370=-;T|missense_variant|MODERATE|KPNIH1_RS10370|c.314T>A|p.Leu105Gln|314/1467|105/488|phoQ|two-component system sensor histidine kinase PhoQ;_38561	phoq	snp	Moderate	putative_r
Coding SNP at 2081065 > G functional=NULL_NULL_NULL locus_tag=KPNIH1_RS10370 Strand Information: KPNIH1_RS10370=-;G|missense_variant|MODERATE|KPNIH1_RS10370|c.185T>C|p.Leu62Pro|185/1467|62/488|phoQ|two-component system sensor histidine kinase PhoQ;_38564	phoq	snp	Moderate	putative_r
Coding SNP at 1692756 > G functional=NULL_NULL_NULL locus_tag=KPNIH1_RS08505 Strand Information: KPNIH1_RS08505=-;G|missense_variant|MODERATE|KPNIH1_RS08505|c.785T>C|p.Leu262Pro|785/1098|262/365|pmrB|two-component system sensor histidine kinase PmrB;_32509	pmrb	snp	Moderate	putative_r
Coding SNP at 1692934 > G functional=NULL_NULL_NULL locus_tag=KPNIH1_RS08505 Strand Information: KPNIH1_RS08505=-;G|missense_variant|MODERATE|KPNIH1_RS08505|c.607T>C|p.Ser203Pro|607/1098|203/365|pmrB|two-component system sensor histidine kinase PmrB;_32516	pmrb	snp	Moderate	putative_r
Coding SNP at 3059243 > C functional=NULL_NULL_NULL locus_tag=KPNIH1_RS15525 Strand Information: KPNIH1_RS15525=+;C|missense_variant|MODERATE|KPNIH1_RS15525|c.598G>C|p.Ala200Pro|598/1062|200/353|ccrB|HAMP domain-containing histidine kinase CrrB;_62089	crrb	snp	Moderate	putative_r
3059600_3059605|KPNIH1_RS15525|+	crrb	insertion	High	putative_r
Coding SNP at 3360069 > G functional=NULL_NULL_NULL locus_tag=KPNIH1_RS30220 Strand Information: KPNIH1_RS30220=-;G|missense_variant|MODERATE|KPNIH1_RS30220|c.61A>C|p.Thr21Pro|61/144|21/47|mgrB|PhoP/PhoQ regulator MgrB;_68756	mgrb	snp	Moderate	putative_revert
Coding SNP at 2081316 > G functional=NULL_NULL_NULL locus_tag=KPNIH1_RS10375 Strand Information: KPNIH1_RS10375=-;G|missense_variant|MODERATE|KPNIH1_RS10375|c.605A>C|p.Gln202Pro|605/672|202/223|phoP|two-component system response regulator PhoP;_38572	phop	snp	Moderate	putative_revert
Coding SNP at 2081356 > G functional=NULL_NULL_NULL locus_tag=KPNIH1_RS10375 Strand Information: KPNIH1_RS10375=-;G|missense_variant|MODERATE|KPNIH1_RS10375|c.565A>C|p.Thr189Pro|565/672|189/223|phoP|two-component system response regulator PhoP;_38573	phop	snp	Moderate	putative_revert
Coding SNP at 2081357 > T functional=NULL_NULL_NULL locus_tag=KPNIH1_RS10375 Strand Information: KPNIH1_RS10375=-;T|missense_variant|MODERATE|KPNIH1_RS10375|c.564C>A|p.His188Gln|564/672|188/223|phoP|two-component system response regulator PhoP;_38574	phop	snp	Moderate	putative_revert
Coding SNP at 2081358 > C functional=NULL_NULL_NULL locus_tag=KPNIH1_RS10375 Strand Information: KPNIH1_RS10375=-;C|missense_variant|MODERATE|KPNIH1_RS10375|c.563A>G|p.His188Arg|563/672|188/223|phoP|two-component system response regulator PhoP;_38575	phop	snp	Moderate	putative_revert
Coding SNP at 2081367 > A functional=NULL_NULL_NULL locus_tag=KPNIH1_RS10375 Strand Information: KPNIH1_RS10375=-;A|missense_variant|MODERATE|KPNIH1_RS10375|c.554G>T|p.Arg185Leu|554/672|185/223|phoP|two-component system response regulator PhoP;_38576	phop	snp	Moderate	putative_revert
Coding SNP at 2081589 > T functional=NULL_NULL_NULL locus_tag=KPNIH1_RS10375 Strand Information: KPNIH1_RS10375=-;T|missense_variant|MODERATE|KPNIH1_RS10375|c.332G>A|p.Arg111His|332/672|111/223|phoP|two-component system response regulator PhoP;_38578	phop	snp	Moderate	putative_revert
Coding SNP at 2081868 > G functional=NULL_NULL_NULL locus_tag=KPNIH1_RS10375 Strand Information: KPNIH1_RS10375=-;G|missense_variant|MODERATE|KPNIH1_RS10375|c.53T>C|p.Val18Ala|53/672|18/223|phoP|two-component system response regulator PhoP;_38581	phop	snp	Moderate	putative_revert
Coding Indel at 2081355 > G functional=NULL_NULL_NULL locus_tag=KPNIH1_RS10375 Strand Information: KPNIH1_RS10375=-;G|frameshift_variant|HIGH|KPNIH1_RS10375|c.565delA|p.Thr189fs|565/672|189/223|phoP|two-component system response regulator PhoP;_1050	phop	indel	High	putative_revert
Coding Indel at 2081358 > TC functional=NULL_NULL_NULL locus_tag=KPNIH1_RS10375 Strand Information: KPNIH1_RS10375=-;TC|frameshift_variant|HIGH|KPNIH1_RS10375|c.562_563insG|p.His188fs|562/672|188/223|phoP|two-component system response regulator PhoP;_1051	phop	indel	High	putative_revert
Coding SNP at 2079808 > A functional=NULL_NULL_NULL locus_tag=KPNIH1_RS10370 Strand Information: KPNIH1_RS10370=-;A|missense_variant|MODERATE|KPNIH1_RS10370|c.1442A>T|p.Gln481Leu|1442/1467|481/488|phoQ|two-component system sensor histidine kinase PhoQ;_38535	phoq	snp	Moderate	putative_revert
Coding SNP at 2079899 > T functional=NULL_NULL_NULL locus_tag=KPNIH1_RS10370 Strand Information: KPNIH1_RS10370=-;T|missense_variant|MODERATE|KPNIH1_RS10370|c.1351G>A|p.Ala451Thr|1351/1467|451/488|phoQ|two-component system sensor histidine kinase PhoQ;_38537	phoq	snp	Moderate	putative_revert
Coding SNP at 2079923 > T functional=NULL_NULL_NULL locus_tag=KPNIH1_RS10370 Strand Information: KPNIH1_RS10370=-;T|missense_variant|MODERATE|KPNIH1_RS10370|c.1327G>A|p.Gly443Ser|1327/1467|443/488|phoQ|two-component system sensor histidine kinase PhoQ;_38539	phoq	snp	Moderate	putative_revert
Coding SNP at 2079952 > A functional=NULL_NULL_NULL locus_tag=KPNIH1_RS10370 Strand Information: KPNIH1_RS10370=-;A|missense_variant|MODERATE|KPNIH1_RS10370|c.1298G>T|p.Arg433Leu|1298/1467|433/488|phoQ|two-component system sensor histidine kinase PhoQ;_38540	phoq	snp	Moderate	putative_revert
Coding SNP at 2080000 > A functional=NULL_NULL_NULL locus_tag=KPNIH1_RS10370 Strand Information: KPNIH1_RS10370=-;A|missense_variant|MODERATE|KPNIH1_RS10370|c.1250A>T|p.Asp417Val|1250/1467|417/488|phoQ|two-component system sensor histidine kinase PhoQ;_38541	phoq	snp	Moderate	putative_revert
Coding SNP at 2080286 > T functional=NULL_NULL_NULL locus_tag=KPNIH1_RS10370 Strand Information: KPNIH1_RS10370=-;T|missense_variant|MODERATE|KPNIH1_RS10370|c.964C>A|p.Leu322Met|964/1467|322/488|phoQ|two-component system sensor histidine kinase PhoQ;_38550	phoq	snp	Moderate	putative_revert
Coding SNP at 2080883 > T functional=NULL_NULL_NULL locus_tag=KPNIH1_RS10370 Strand Information: KPNIH1_RS10370=-;T|missense_variant|MODERATE|KPNIH1_RS10370|c.367G>A|p.Glu123Lys|367/1467|123/488|phoQ|two-component system sensor histidine kinase PhoQ;_38558	phoq	snp	Moderate	putative_revert
Coding SNP at 2081144 > T functional=NULL_NULL_NULL locus_tag=KPNIH1_RS10370 Strand Information: KPNIH1_RS10370=-;T|missense_variant|MODERATE|KPNIH1_RS10370|c.106G>A|p.Ala36Thr|106/1467|36/488|phoQ|two-component system sensor histidine kinase PhoQ;_38567	phoq	snp	Moderate	putative_revert
Coding Indel at 2080219 > AG functional=NULL_NULL_NULL locus_tag=KPNIH1_RS10370 Strand Information: KPNIH1_RS10370=-;AG|frameshift_variant|HIGH|KPNIH1_RS10370|c.1030dupC|p.Leu344fs|1030/1467|344/488|phoQ|two-component system sensor histidine kinase PhoQ;_1048	phoq	indel	High	putative_revert
Coding Indel at 2080486 > T functional=NULL_NULL_NULL locus_tag=KPNIH1_RS10370 Strand Information: KPNIH1_RS10370=-;T|disruptive_inframe_deletion|MODERATE|KPNIH1_RS10370|c.743_763delCCCGGCTGGTCAGCAACCTCA|p.Thr248_Leu254del|763/1467|248/488|phoQ|two-component system sensor histidine kinase PhoQ;_1049	phoq	indel	Moderate	putative_revert
Coding Indel at 3059657 > A functional=NULL_NULL_NULL locus_tag=KPNIH1_RS15525 Strand Information: KPNIH1_RS15525=+;A|frameshift_variant|HIGH|KPNIH1_RS15525|c.1013_1016delGTTT|p.Ser338fs|1013/1062|338/353|ccrB|HAMP domain-containing histidine kinase CrrB;_1761	crrb	indel	High	putative_revert
Coding SNP at 3359999 > C functional=NULL_NULL_NULL locus_tag=KPNIH1_RS30220 Strand Information: KPNIH1_RS30220=-;C|missense_variant|MODERATE|KPNIH1_RS30220|c.131T>G|p.Phe44Cys|131/144|44/47|mgrB|PhoP/PhoQ regulator MgrB;_68747	mgrb	snp	Moderate	other
Coding SNP at 3360059 > G functional=NULL_NULL_NULL locus_tag=KPNIH1_RS30220 Strand Information: KPNIH1_RS30220=-;G|missense_variant|MODERATE|KPNIH1_RS30220|c.71T>C|p.Leu24Pro|71/144|24/47|mgrB|PhoP/PhoQ regulator MgrB;_68753	mgrb	snp	Moderate	other
Coding SNP at 3360074 > T functional=NULL_NULL_NULL locus_tag=KPNIH1_RS30220 Strand Information: KPNIH1_RS30220=-;T|missense_variant|MODERATE|KPNIH1_RS30220|c.56T>A|p.Leu19Gln|56/144|19/47|mgrB|PhoP/PhoQ regulator MgrB;_68757	mgrb	snp	Moderate	other
Coding SNP at 2081682 > C functional=NULL_NULL_NULL locus_tag=KPNIH1_RS10375 Strand Information: KPNIH1_RS10375=-;C|missense_variant|MODERATE|KPNIH1_RS10375|c.239C>G|p.Ala80Gly|239/672|80/223|phoP|two-component system response regulator PhoP;_38579	phop	snp	Moderate	other
Coding SNP at 2079865 > C functional=NULL_NULL_NULL locus_tag=KPNIH1_RS10370 Strand Information: KPNIH1_RS10370=-;C|missense_variant|MODERATE|KPNIH1_RS10370|c.1385T>G|p.Ile462Ser|1385/1467|462/488|phoQ|two-component system sensor histidine kinase PhoQ;_38536	phoq	snp	Moderate	other
Coding SNP at 2080156 > T functional=NULL_NULL_NULL locus_tag=KPNIH1_RS10370 Strand Information: KPNIH1_RS10370=-;T|missense_variant|MODERATE|KPNIH1_RS10370|c.1094T>A|p.Leu365His|1094/1467|365/488|phoQ|two-component system sensor histidine kinase PhoQ;_38543	phoq	snp	Moderate	other
Coding SNP at 2080222 > A functional=NULL_NULL_NULL locus_tag=KPNIH1_RS10370 Strand Information: KPNIH1_RS10370=-;A|missense_variant|MODERATE|KPNIH1_RS10370|c.1028C>T|p.Pro343Leu|1028/1467|343/488|phoQ|two-component system sensor histidine kinase PhoQ;_38545	phoq	snp	Moderate	other
Coding SNP at 2080256 > G functional=NULL_NULL_NULL locus_tag=KPNIH1_RS10370 Strand Information: KPNIH1_RS10370=-;G|missense_variant|MODERATE|KPNIH1_RS10370|c.994A>C|p.Thr332Pro|994/1467|332/488|phoQ|two-component system sensor histidine kinase PhoQ;_38549	phoq	snp	Moderate	other
Coding SNP at 2081101 > A functional=NULL_NULL_NULL locus_tag=KPNIH1_RS10370 Strand Information: KPNIH1_RS10370=-;A|missense_variant|MODERATE|KPNIH1_RS10370|c.149G>T|p.Arg50Leu|149/1467|50/488|phoQ|two-component system sensor histidine kinase PhoQ;_38565	phoq	snp	Moderate	other
Coding SNP at 2081153 > T functional=NULL_NULL_NULL locus_tag=KPNIH1_RS10370 Strand Information: KPNIH1_RS10370=-;T|missense_variant|MODERATE|KPNIH1_RS10370|c.97G>A|p.Gly33Ser|97/1467|33/488|phoQ|two-component system sensor histidine kinase PhoQ;_38568	phoq	snp	Moderate	other
2080368_2080380|KPNIH1_RS10370|-	phoq	insertion	High	other
Coding SNP at 1693257 > T functional=NULL_NULL_NULL locus_tag=KPNIH1_RS08505 Strand Information: KPNIH1_RS08505=-;T|missense_variant|MODERATE|KPNIH1_RS08505|c.284C>A|p.Pro95Gln|284/1098|95/365|pmrB|two-component system sensor histidine kinase PmrB;_32522	pmrb	snp	Moderate	other
1692837_1692844|KPNIH1_RS08505|-	pmrb	insertion	High	other
Coding SNP at 1152157 > A functional=NULL_NULL_NULL locus_tag=KPNIH1_RS05725 Strand Information: KPNIH1_RS05725=-;A|missense_variant|MODERATE|KPNIH1_RS05725|c.215G>T|p.Ser72Ile|215/288|72/95|null or hypothetical protein|PTS sugar transporter subunit IIB;_22458	PTS sugar transporter subunit IIB	snp	Moderate	gwas_r
1152365_1152368|KPNIH1_RS05725|-	PTS sugar transporter subunit IIB	insertion	High	gwas_r
Coding SNP at 4653807 > C functional=NULL_NULL_NULL locus_tag=KPNIH1_RS23500 Strand Information: KPNIH1_RS23500=+;C|missense_variant|MODERATE|KPNIH1_RS23500|c.539T>C|p.Val180Ala|539/1350|180/449|qseC|two-component system sensor histidine kinase QseC;_92679	two-component system sensor histidine kinaseQseC	snp	Moderate	gwas_r
Coding Indel at 4653290 > A functional=NULL_NULL_NULL locus_tag=KPNIH1_RS23500 Strand Information: KPNIH1_RS23500=+;A|conservative_inframe_deletion|MODERATE|KPNIH1_RS23500|c.34_39delCGCCTG|p.Arg12_Leu13del|34/1350|12/449|qseC|two-component system sensor histidine kinase QseC;_2579	two-component system sensor histidine kinaseQseC	indel	Moderate	gwas_r
